,predict
0,0.03
1,0.03
2,0.01
3,0.03
4,0.04
5,0.05
6,0.02
7,0.02
8,0.01
9,0.02
10,0.01
11,0.0
12,0.03
13,0.02
14,0.07
15,0.05
16,0.03
17,0.01
18,0.05
19,0.44
20,0.01
21,0.01
22,0.02
23,0.01
24,0.01
25,0.06
26,0.04
27,0.04
28,0.04
29,0.04
30,0.01
31,0.0
32,0.0
33,0.01
34,0.02
35,0.02
36,0.02
37,0.06
38,0.0
39,0.01
40,0.01
41,0.0
42,0.02
43,0.01
44,0.01
45,0.01
46,0.06
47,0.0
48,0.02
49,0.0
50,0.01
51,0.01
52,0.03
53,0.0
54,0.0
55,0.0
56,0.03
57,0.03
58,0.02
59,0.0
60,0.01
61,0.01
62,0.01
63,0.01
64,0.01
65,0.03
66,0.0
67,0.02
68,0.02
69,0.04
70,0.03
71,0.02
72,0.01
73,0.03
74,0.0
75,0.57
76,0.0
77,0.01
78,0.02
79,0.01
80,0.0
81,0.01
82,0.03
83,0.01
84,0.01
85,0.0
86,0.0
87,0.0
88,0.03
89,0.0
90,0.01
91,0.05
92,0.01
93,0.0
94,0.0
95,0.02
96,0.0
97,0.02
98,0.0
99,0.01
100,0.04
101,0.03
102,0.0
103,0.03
104,0.07
105,0.04
106,0.01
107,0.66
108,0.04
109,0.01
110,0.01
111,0.02
112,0.07
113,0.01
114,0.01
115,0.03
116,0.01
117,0.05
118,0.0
119,0.02
120,0.0
121,0.0
122,0.03
123,0.04
124,0.01
125,0.0
126,0.0
127,0.01
128,0.0
129,0.03
130,0.02
131,0.84
132,0.02
133,0.03
134,0.01
135,0.02
136,0.01
137,0.04
138,0.02
139,0.02
140,0.04
141,0.0
142,0.0
143,0.0
144,0.04
145,0.01
146,0.02
147,0.05
148,0.01
149,0.0
150,0.02
151,0.04
152,0.05
153,0.02
154,0.72
155,0.02
156,0.02
157,0.02
158,0.01
159,0.04
160,0.02
161,0.0
162,0.0
163,0.67
164,0.04
165,0.01
166,0.02
167,0.08
168,0.01
169,0.0
170,0.01
171,0.0
172,0.03
173,0.03
174,0.01
175,0.0
176,0.01
177,0.02
178,0.01
179,0.03
180,0.04
181,0.01
182,0.0
183,0.0
184,0.03
185,0.02
186,0.01
187,0.01
188,0.03
189,0.0
190,0.49
191,0.0
192,0.02
193,0.01
194,0.01
195,0.0
196,0.0
197,0.01
198,0.01
199,0.03
200,0.01
201,0.01
202,0.02
203,0.0
204,0.02
205,0.0
206,0.0
207,0.01
208,0.08
209,0.0
210,0.02
211,0.01
212,0.01
213,0.04
214,0.05
215,0.0
216,0.01
217,0.05
218,0.03
219,0.01
220,0.03
221,0.03
222,0.0
223,0.0
224,0.0
225,0.05
226,0.02
227,0.08
228,0.0
229,0.01
230,0.01
231,0.01
232,0.01
233,0.01
234,0.02
235,0.03
236,0.71
237,0.0
238,0.01
239,0.0
240,0.01
241,0.01
242,0.01
243,0.01
244,0.0
245,0.48
246,0.0
247,0.04
248,0.01
249,0.01
250,0.0
251,0.01
252,0.02
253,0.01
254,0.02
255,0.0
256,0.0
257,0.05
258,0.0
259,0.03
260,0.0
261,0.0
262,0.02
263,0.69
264,0.0
265,0.0
266,0.05
267,0.02
268,0.0
269,0.04
270,0.0
271,0.01
272,0.77
273,0.0
274,0.82
275,0.01
276,0.05
277,0.04
278,0.0
279,0.01
280,0.01
281,0.0
282,0.03
283,0.01
284,0.02
285,0.05
286,0.06
287,0.04
288,0.05
289,0.05
290,0.03
291,0.01
292,0.04
293,0.02
294,0.02
295,0.06
296,0.03
297,0.01
298,0.01
299,0.01
300,0.03
301,0.09
302,0.02
303,0.09
304,0.01
305,0.05
306,0.01
307,0.02
308,0.04
309,0.04
310,0.0
311,0.02
312,0.0
313,0.0
314,0.0
315,0.05
316,0.05
317,0.02
318,0.01
319,0.02
320,0.66
321,0.01
322,0.05
323,0.05
324,0.0
325,0.01
326,0.0
327,0.03
328,0.04
329,0.01
330,0.05
331,0.01
332,0.01
333,0.0
334,0.01
335,0.04
336,0.02
337,0.02
338,0.01
339,0.0
340,0.06
341,0.01
342,0.02
343,0.02
344,0.0
345,0.01
346,0.0
347,0.0
348,0.01
349,0.0
350,0.0
351,0.01
352,0.01
353,0.02
354,0.01
355,0.0
356,0.02
357,0.02
358,0.0
359,0.0
360,0.0
361,0.03
362,0.0
363,0.0
364,0.02
365,0.0
366,0.03
367,0.04
368,0.01
369,0.01
370,0.02
371,0.6
372,0.02
373,0.01
374,0.75
375,0.03
376,0.01
377,0.0
378,0.01
379,0.01
380,0.0
381,0.02
382,0.0
383,0.69
384,0.01
385,0.01
386,0.02
387,0.03
388,0.0
389,0.0
390,0.0
391,0.0
392,0.0
393,0.01
394,0.0
395,0.0
396,0.0
397,0.0
398,0.0
399,0.01
400,0.01
401,0.02
402,0.03
403,0.05
404,0.0
405,0.0
406,0.02
407,0.02
408,0.02
409,0.01
410,0.67
411,0.01
412,0.0
413,0.0
414,0.01
415,0.73
416,0.0
417,0.0
418,0.0
419,0.0
420,0.0
421,0.01
422,0.04
423,0.01
424,0.01
425,0.03
426,0.71
427,0.01
428,0.06
429,0.0
430,0.02
431,0.0
432,0.01
433,0.0
434,0.0
435,0.02
436,0.01
437,0.03
438,0.02
439,0.03
440,0.01
441,0.0
442,0.0
443,0.0
444,0.0
445,0.0
446,0.06
447,0.01
448,0.01
449,0.06
450,0.01
451,0.0
452,0.08
453,0.01
454,0.05
455,0.01
456,0.03
457,0.06
458,0.0
459,0.01
460,0.0
461,0.0
462,0.01
463,0.02
464,0.06
465,0.0
466,0.01
467,0.0
468,0.01
469,0.01
470,0.0
471,0.03
472,0.0
473,0.01
474,0.1
475,0.03
476,0.0
477,0.0
478,0.0
479,0.01
480,0.0
481,0.01
482,0.0
483,0.0
484,0.77
485,0.0
486,0.02
487,0.0
488,0.01
489,0.0
490,0.02
491,0.01
492,0.03
493,0.0
494,0.75
495,0.0
496,0.0
497,0.0
498,0.0
499,0.01
500,0.0
501,0.0
502,0.03
503,0.04
504,0.01
505,0.0
506,0.0
507,0.01
508,0.0
509,0.0
510,0.0
511,0.0
512,0.0
513,0.0
514,0.01
515,0.0
516,0.0
517,0.0
518,0.03
519,0.01
520,0.01
521,0.01
522,0.0
523,0.0
524,0.01
525,0.0
526,0.01
527,0.01
528,0.02
529,0.0
530,0.0
531,0.01
532,0.05
533,0.0
534,0.0
535,0.01
536,0.0
537,0.01
538,0.0
539,0.02
540,0.03
541,0.01
542,0.0
543,0.02
544,0.01
545,0.0
546,0.01
547,0.01
548,0.0
549,0.0
550,0.01
551,0.59
552,0.03
553,0.01
554,0.0
555,0.0
556,0.01
557,0.02
558,0.01
559,0.04
560,0.0
561,0.0
562,0.01
563,0.72
564,0.02
565,0.0
566,0.0
567,0.0
568,0.03
569,0.01
570,0.0
571,0.01
572,0.01
573,0.0
574,0.01
575,0.0
576,0.01
577,0.01
578,0.01
579,0.01
580,0.01
581,0.0
582,0.0
583,0.0
584,0.0
585,0.0
586,0.01
587,0.01
588,0.02
589,0.0
590,0.0
591,0.0
592,0.01
593,0.0
594,0.0
595,0.0
596,0.02
597,0.02
598,0.0
599,0.88
600,0.81
601,0.02
602,0.79
603,0.03
604,0.01
605,0.01
606,0.0
607,0.01
608,0.02
609,0.01
610,0.0
611,0.02
612,0.03
613,0.0
614,0.0
615,0.01
616,0.01
617,0.0
618,0.01
619,0.0
620,0.0
621,0.0
622,0.0
623,0.0
624,0.0
625,0.01
626,0.01
627,0.01
628,0.0
629,0.0
630,0.02
631,0.0
632,0.0
633,0.01
634,0.01
635,0.03
636,0.0
637,0.02
638,0.01
639,0.01
640,0.0
641,0.02
642,0.01
643,0.01
644,0.0
645,0.01
646,0.03
647,0.01
648,0.01
649,0.09
650,0.04
651,0.01
652,0.03
653,0.02
654,0.0
655,0.01
656,0.02
657,0.0
658,0.02
659,0.0
660,0.0
661,0.0
662,0.01
663,0.01
664,0.02
665,0.03
666,0.01
667,0.0
668,0.02
669,0.05
670,0.0
671,0.0
672,0.0
673,0.03
674,0.0
675,0.02
676,0.0
677,0.01
678,0.0
679,0.01
680,0.0
681,0.01
682,0.69
683,0.0
684,0.02
685,0.0
686,0.01
687,0.0
688,0.01
689,0.01
690,0.01
691,0.0
692,0.01
693,0.01
694,0.04
695,0.05
696,0.02
697,0.02
698,0.0
699,0.0
700,0.02
701,0.07
702,0.06
703,0.02
704,0.02
705,0.0
706,0.04
707,0.01
708,0.01
709,0.01
710,0.01
711,0.03
712,0.01
713,0.01
714,0.04
715,0.01
716,0.01
717,0.05
718,0.02
719,0.02
720,0.02
721,0.02
722,0.02
723,0.01
724,0.01
725,0.0
726,0.01
727,0.01
728,0.03
729,0.03
730,0.08
731,0.11
732,0.84
733,0.0
734,0.04
735,0.02
736,0.04
737,0.06
738,0.04
739,0.02
740,0.01
741,0.01
742,0.39
743,0.01
744,0.05
745,0.01
746,0.04
747,0.03
748,0.0
749,0.01
750,0.03
751,0.0
752,0.04
753,0.0
754,0.04
755,0.01
756,0.01
757,0.02
758,0.03
759,0.01
760,0.02
761,0.02
762,0.01
763,0.01
764,0.73
765,0.05
766,0.03
767,0.03
768,0.01
769,0.05
770,0.0
771,0.08
772,0.02
773,0.01
774,0.03
775,0.0
776,0.03
777,0.03
778,0.06
779,0.03
780,0.03
781,0.04
782,0.03
783,0.07
784,0.08
785,0.02
786,0.04
787,0.03
788,0.06
789,0.05
790,0.02
791,0.02
792,0.03
793,0.0
794,0.05
795,0.01
796,0.05
797,0.05
798,0.02
799,0.0
800,0.02
801,0.03
802,0.04
803,0.03
804,0.02
805,0.02
806,0.04
807,0.0
808,0.03
809,0.02
810,0.04
811,0.02
812,0.04
813,0.01
814,0.01
815,0.02
816,0.02
817,0.01
818,0.02
819,0.04
820,0.02
821,0.01
822,0.76
823,0.04
824,0.0
825,0.0
826,0.04
827,0.05
828,0.0
829,0.03
830,0.02
831,0.03
832,0.02
833,0.03
834,0.04
835,0.06
836,0.03
837,0.07
838,0.05
839,0.02
840,0.05
841,0.02
842,0.02
843,0.01
844,0.02
845,0.02
846,0.03
847,0.02
848,0.1
849,0.01
850,0.01
851,0.06
852,0.03
853,0.01
854,0.03
855,0.05
856,0.02
857,0.0
858,0.04
859,0.01
860,0.0
861,0.02
862,0.01
863,0.0
864,0.03
865,0.01
866,0.01
867,0.0
868,0.03
869,0.02
870,0.01
871,0.01
872,0.04
873,0.04
874,0.05
875,0.02
876,0.02
877,0.0
878,0.01
879,0.02
880,0.02
881,0.0
882,0.03
883,0.03
884,0.0
885,0.03
886,0.07
887,0.02
888,0.01
889,0.01
890,0.04
891,0.01
892,0.0
893,0.03
894,0.01
895,0.02
896,0.0
897,0.02
898,0.03
899,0.0
900,0.74
901,0.03
902,0.02
903,0.0
904,0.05
905,0.0
906,0.02
907,0.03
908,0.01
909,0.03
910,0.0
911,0.02
912,0.31
913,0.01
914,0.02
915,0.01
916,0.02
917,0.73
918,0.02
919,0.02
920,0.05
921,0.01
922,0.03
923,0.1
924,0.04
925,0.04
926,0.05
927,0.02
928,0.01
929,0.02
930,0.01
931,0.81
932,0.01
933,0.01
934,0.04
935,0.0
936,0.75
937,0.01
938,0.02
939,0.0
940,0.01
941,0.02
942,0.01
943,0.0
944,0.0
945,0.01
946,0.01
947,0.01
948,0.01
949,0.01
950,0.01
951,0.0
952,0.03
953,0.01
954,0.01
955,0.03
956,0.83
957,0.0
958,0.01
959,0.02
960,0.01
961,0.01
962,0.04
963,0.0
964,0.01
965,0.01
966,0.01
967,0.0
968,0.04
969,0.0
970,0.01
971,0.05
972,0.08
973,0.0
974,0.0
975,0.02
976,0.06
977,0.03
978,0.04
979,0.09
980,0.01
981,0.06
982,0.05
983,0.05
984,0.01
985,0.04
986,0.05
987,0.06
988,0.06
989,0.11
990,0.09
991,0.07
992,0.04
993,0.06
994,0.07
995,0.03
996,0.07
997,0.05
998,0.05
999,0.02
1000,0.06
1001,0.05
1002,0.06
1003,0.03
1004,0.09
1005,0.1
1006,0.02
1007,0.09
1008,0.54
1009,0.06
1010,0.07
1011,0.05
1012,0.05
1013,0.07
1014,0.03
1015,0.08
1016,0.02
1017,0.03
1018,0.07
1019,0.07
1020,0.04
1021,0.02
1022,0.0
1023,0.01
1024,0.54
1025,0.02
1026,0.01
1027,0.06
1028,0.02
1029,0.02
1030,0.0
1031,0.05
1032,0.0
1033,0.0
1034,0.03
1035,0.0
1036,0.04
1037,0.0
1038,0.04
1039,0.02
1040,0.0
1041,0.05
1042,0.01
1043,0.02
1044,0.01
1045,0.01
1046,0.01
1047,0.0
1048,0.02
1049,0.01
1050,0.02
1051,0.0
1052,0.0
1053,0.03
1054,0.02
1055,0.01
1056,0.0
1057,0.01
1058,0.01
1059,0.02
1060,0.01
1061,0.05
1062,0.02
1063,0.01
1064,0.02
1065,0.01
1066,0.02
1067,0.01
1068,0.02
1069,0.01
1070,0.03
1071,0.03
1072,0.0
1073,0.05
1074,0.0
1075,0.03
1076,0.0
1077,0.02
1078,0.02
1079,0.02
1080,0.0
1081,0.0
1082,0.02
1083,0.02
1084,0.02
1085,0.02
1086,0.04
1087,0.03
1088,0.02
1089,0.05
1090,0.0
1091,0.04
1092,0.04
1093,0.03
1094,0.02
1095,0.02
1096,0.01
1097,0.05
1098,0.01
1099,0.03
1100,0.05
1101,0.03
1102,0.14
1103,0.05
1104,0.05
1105,0.01
1106,0.01
1107,0.04
1108,0.01
1109,0.02
